{
  "logistic_regression": {
    "accuracy": 0.71125,
    "precision": 0.5134408602150538,
    "recall": 0.7925311203319502,
    "f1": 0.6231647634584013,
    "roc_auc": 0.7949806634550435,
    "confusion_matrix": [
      [
        378,
        181
      ],
      [
        50,
        191
      ]
    ],
    "classification_report": "              precision    recall  f1-score   support\n\n           0       0.88      0.68      0.77       559\n           1       0.51      0.79      0.62       241\n\n    accuracy                           0.71       800\n   macro avg       0.70      0.73      0.69       800\nweighted avg       0.77      0.71      0.72       800\n"
  },
  "random_forest": {
    "accuracy": 0.7275,
    "precision": 0.5387205387205387,
    "recall": 0.6639004149377593,
    "f1": 0.5947955390334573,
    "roc_auc": 0.7970293722489032,
    "confusion_matrix": [
      [
        422,
        137
      ],
      [
        81,
        160
      ]
    ],
    "classification_report": "              precision    recall  f1-score   support\n\n           0       0.84      0.75      0.79       559\n           1       0.54      0.66      0.59       241\n\n    accuracy                           0.73       800\n   macro avg       0.69      0.71      0.69       800\nweighted avg       0.75      0.73      0.73       800\n"
  }
}